flagCode,Entity,CrimeRate_OverallCriminalityScoreGOCI,CrimeRate_CriminalMarketsScore,CrimeRate_CriminalActorsScore,CrimeRate_ResilienceScore
MM,Myanmar,8.15,7.7,8.6,1.63
CO,Colombia,7.75,7.3,8.2,5.63
MX,Mexico,7.57,8.13,7,4.21
PY,Paraguay,7.52,6.73,8.3,3.42
CD,DR Congo,7.35,6.2,8.5,2.38
NG,Nigeria,7.28,7.37,7.2,5.79
ZA,South Africa,7.18,6.87,7.5,5.63
IQ,Iraq,7.13,6.27,8,3.21
AF,Afghanistan,7.1,7,7.2,1.5
LB,Lebanon,7.1,6.3,7.9,3.46
SY,Syria,7.07,6.43,7.7,1.92
EC,Ecuador,7.07,6.73,7.4,4.88
HN,Honduras,7.05,6,8.1,4.08
IR,Iran,7.03,7.37,6.7,3.13
TR,Turkey,7.03,6.77,7.3,3.38
KE,Kenya,7.02,6.93,7.1,5.33
PA,Panama,6.98,6.67,7.3,4.67
LY,Libya,6.93,6.57,7.3,1.54
RU,Russia,6.87,6.83,6.9,3.79
ID,Indonesia,6.85,6.6,7.1,4.25
KH,Cambodia,6.85,6.7,7,3.63
BR,Brazil,6.77,6.93,6.6,4.92
CF,Central African Republic,6.75,5.6,7.9,1.79
VE,Venezuela,6.72,6.03,7.4,1.88
PH,Philippines,6.63,6.57,6.7,4.21
GT,Guatemala,6.6,6.1,7.1,4.08
YE,Yemen,6.57,5.63,7.5,1.75
NP,Nepal,6.57,6.03,7.1,4
VN,Vietnam,6.55,6.5,6.6,4.79
UG,Uganda,6.55,6.4,6.7,3.88
UA,Ukraine,6.48,6.27,6.7,4.54
PE,Peru,6.4,6.2,6.6,4.38
CN,China,6.37,6.53,6.2,5.67
SD,Sudan,6.37,5.23,7.5,2.71
AE,United Arab Emirates,6.37,7.03,5.7,5.13
SS,South Sudan,6.32,5.13,7.5,1.88
CM,Cameroon,6.27,6.23,6.3,3.17
MY,Malaysia,6.23,6.67,5.8,5.92
SA,Saudi Arabia,6.23,6.57,5.9,4
IT,Italy,6.22,5.73,6.7,6.46
RS,Serbia,6.22,5.73,6.7,4.96
TZ,Tanzania,6.2,6.4,6,4.13
MZ,Mozambique,6.2,5.9,6.5,3.29
TH,Thailand,6.18,6.77,5.6,4.79
SO,Somalia,6.13,5.27,7,1.79
LA,Laos,6.12,6.33,5.9,3.46
PK,Pakistan,6.03,6.27,5.8,3.96
CI,Ivory Coast,6.02,5.93,6.1,5.13
GY,Guyana,5.97,5.13,6.8,4.04
ML,Mali,5.93,6.47,5.4,2.38
HT,Haiti,5.93,5.77,6.1,2.46
BF,Burkina Faso,5.92,5.83,6,3.46
SV,El Salvador,5.92,5.43,6.4,3.21
ES,Spain,5.9,5.7,6.1,6.75
ME,Montenegro,5.9,5.2,6.6,4.75
BY,Belarus,5.87,5.33,6.4,3.25
BA,Bosnia and Herzegovina,5.85,5.3,6.4,3.88
FR,France,5.82,5.93,5.7,6.96
GH,Ghana,5.8,6,5.6,5.46
JM,Jamaica,5.8,4.9,6.7,5.42
IN,India,5.75,6.7,4.8,5.42
GB,United Kingdom,5.75,5.5,6,7.54
PG,Papua New Guinea,5.72,5.33,6.1,3.29
NI,Nicaragua,5.72,5.23,6.2,2.08
NE,Niger,5.7,5.7,5.7,3.46
ET,Ethiopia,5.68,6.07,5.3,4.75
US,United States,5.67,5.83,5.5,7.13
BG,Bulgaria,5.65,5.4,5.9,5.33
MD,Moldova,5.6,5.2,6,3.92
AO,Angola,5.58,5.17,6,4.5
MG,Madagascar,5.58,5.27,5.9,3.33
CR,Costa Rica,5.53,5.37,5.7,5.63
SN,Senegal,5.52,5.53,5.5,5.79
TD,Chad,5.5,5.1,5.9,2.42
LR,Liberia,5.5,5.4,5.6,3.25
ZW,Zimbabwe,5.47,5.03,5.9,3.13
TJ,Tajikistan,5.45,4.8,6.1,2.58
QA,Qatar,5.45,5.7,5.2,5.42
GR,Greece,5.35,4.7,6,5.17
DE,Germany,5.33,5.47,5.2,7.5
BJ,Benin,5.32,5.43,5.2,3.5
KG,Kyrgyzstan,5.32,4.63,6,3.83
TG,Togo,5.23,4.77,5.7,4.5
KW,Kuwait,5.2,5.7,4.7,5.54
TT,Trinidad and Tobago,5.2,4.8,5.6,5.33
CL,Chile,5.18,5.07,5.3,6.17
AL,Albania,5.17,4.83,5.5,5.13
HR,Croatia,5.15,4.9,5.4,5.92
BD,Bangladesh,5.12,5.03,5.2,4.42
IE,Ireland,5.08,5.17,5,7.33
EG,Egypt,5.05,5.1,5,3.83
MK,North Macedonia,5.03,4.87,5.2,5.29
DO,Dominican Republic,5.02,5.13,4.9,4.79
AR,Argentina,5,4.5,5.5,5.96
MT,Malta,5,4.3,5.7,5.13
NL,Netherlands,4.97,5.23,4.7,7.46
UZ,Uzbekistan,4.95,4.6,5.3,3.88
BO,Bolivia,4.95,5,4.9,4.83
SL,Sierra Leone,4.95,4.6,5.3,4.04
BH,Bahrain,4.95,5.4,4.5,5.42
JO,Jordan,4.93,4.87,5,5.58
LK,Sri Lanka,4.92,4.83,5,3.42
DZ,Algeria,4.88,5.17,4.6,4.38
PT,Portugal,4.88,4.67,5.1,6.5
BI,Burundi,4.87,4.63,5.1,2.17
CH,Switzerland,4.87,4.63,5.1,7.04
BZ,Belize,4.87,4.43,5.3,3.29
IL,Israel,4.85,5,4.7,6.08
GA,Gabon,4.85,4.6,5.1,3.25
KP,North Korea,4.82,5.73,3.9,1.79
MA,Morocco,4.8,5.1,4.5,4.63
AZ,Azerbaijan,4.8,4.1,5.5,3.96
CG,Republic of the Congo,4.78,4.47,5.1,3.25
SR,Suriname,4.77,4.53,5,3.04
ZM,Zambia,4.73,4.47,5,4.54
SK,Slovakia,4.72,4.73,4.7,5.29
SE,Sweden,4.7,4.6,4.8,7.46
CZ,Czech Republic,4.68,4.87,4.5,6.42
DJ,Djibouti,4.65,4.3,5,4.38
HU,Hungary,4.62,4.73,4.5,4.88
RO,Romania,4.58,5.27,3.9,6
GN,Guinea,4.58,4.77,4.4,3.13
GM,Gambia,4.53,4.67,4.4,5.17
PL,Poland,4.48,4.97,4,5.88
MW,Malawi,4.48,4.77,4.2,4.58
KZ,Kazakhstan,4.47,4.33,4.6,4.54
TN,Tunisia,4.45,5,3.9,4.5
KR,South Korea,4.43,3.57,5.3,8.08
BE,Belgium,4.43,5.17,3.7,7.04
CY,Cyprus,4.43,3.97,4.9,4.46
TM,Turkmenistan,4.4,4.4,4.4,2.21
OM,Oman,4.4,4.9,3.9,5.21
SB,Solomon Islands,4.4,3.7,5.1,5.08
MR,Mauritania,4.38,4.27,4.5,3.13
GQ,Equatorial Guinea,4.38,3.57,5.2,2.21
SZ,Eswatini,4.38,3.87,4.9,3.29
SI,Slovenia,4.37,4.03,4.7,6.04
MU,Mauritius,4.37,4.13,4.6,5.54
BW,Botswana,4.35,4.4,4.3,5.46
NA,Namibia,4.3,4.1,4.5,4.54
JP,Japan,4.28,3.87,4.7,7.38
CV,Cape Verde,4.28,3.97,4.6,6.58
MV,Maldives,4.27,3.53,5,4.08
EE,Estonia,4.25,4.2,4.3,7.88
FJ,Fiji,4.15,4.3,4,5.42
AT,Austria,4.13,4.17,4.1,7.5
MN,Mongolia,4.12,3.83,4.4,5.21
NZ,New Zealand,4.08,3.77,4.4,7.88
TL,Timor-Leste,4.08,3.67,4.5,3.83
DK,Denmark,4.02,4.33,3.7,8.13
AU,Australia,4,4.3,3.7,7.38
ER,Eritrea,3.97,3.93,4,2.33
LS,Lesotho,3.92,3.43,4.4,3.92
KM,Comoros,3.92,3.73,4.1,2.38
LT,Lithuania,3.9,3.8,4,7.29
LV,Latvia,3.9,4.5,3.3,7.58
BT,Bhutan,3.9,3.9,3.9,4.71
SC,Seychelles,3.9,3.5,4.3,5.21
CA,Canada,3.88,3.87,3.9,7.21
NO,Norway,3.75,4.1,3.4,7.92
BS,Bahamas,3.75,3.6,3.9,5.5
TO,Tonga,3.7,3.5,3.9,5.29
RW,Rwanda,3.6,4,3.2,5.54
GE,Georgia,3.6,3.6,3.6,5.25
LC,Saint Lucia,3.53,2.67,4.4,5.58
KN,Saint Kitts and Nevis,3.52,2.83,4.2,5
SM,San Marino,3.48,2.37,4.6,5.21
SG,Singapore,3.47,3.93,3,7.83
CU,Cuba,3.37,3.63,3.1,5.38
IS,Iceland,3.37,2.93,3.8,8.21
UY,Uruguay,3.22,3.33,3.1,7.5
AD,Andorra,3.22,2.73,3.7,7.96
VC,Saint Vincent and the Grenadines,3.08,2.67,3.5,5.38
BB,Barbados,3.07,2.43,3.7,6.13
FM,Micronesia,3,3,3,5.88
FI,Finland,2.98,3.27,2.7,8.63
AG,Antigua and Barbuda,2.98,2.67,3.3,4.58
GD,Grenada,2.93,2.67,3.2,5.13
LU,Luxembourg,2.85,2.9,2.8,7.5
BN,Brunei,2.85,3.3,2.4,4.58
AM,Armenia,2.82,2.93,2.7,5.71
PW,Palau,2.7,2.9,2.5,5.33
DM,Dominica,2.63,2.67,2.6,5.17
MC,Monaco,2.58,1.67,3.5,5.63
MH,Marshall Islands,2.52,2.73,2.3,5.79
KI,Kiribati,2.45,2.6,2.3,4.33
VU,Vanuatu,2.43,2.67,2.2,5.13
WS,Samoa,2.43,2.97,1.9,5.83
LI,Liechtenstein,2.27,2.33,2.2,8.46
NR,Nauru,2.05,2.2,1.9,5
ST,Sao Tome and Principe,1.7,1.7,1.7,4.92
TV,Tuvalu,1.62,1.93,1.3,6.08
